Year of Fecha,Month of Fecha,Estacion,Lat,Long,PersonasPromedio
2017,January,9 DE JULIO,-34.6042452,-58.38057434,"7,787"
2017,January,ACOYTE,-34.61827997,-58.43642853,"10,901"
2017,January,AGUERO,-34.59162784,-58.40716132,"8,748"
2017,January,ALBERTI,-34.60983358,-58.40120753,"3,786"
2017,January,ANGEL GALLARDO,-34.60216223,-58.43127386,"11,947"
2017,January,AVENIDA DE MAYO,-34.60898331,-58.38061072,"5,052"
2017,January,AVENIDA LA PLATA,-34.62701547,-58.42678902,"3,974"
2017,January,BOEDO,-34.62536611,-58.41553282,"3,710"
2017,January,BOLIVAR,-34.60924243,-58.37368422,"10,774"
2017,January,BULNES,-34.58823711,-58.4112939,"13,363"
2017,January,CALLAO,-34.59963955,-58.39312518,"12,099"
2017,January,CALLAO.B,-34.60441954,-58.39231424,"14,071"
2017,January,CARABOBO,-34.62666659,-58.4567098,"8,486"
2017,January,CARLOS GARDEL,-34.60407952,-58.4117626,"12,620"
2017,January,CARLOS PELLEGRINI,-34.60363711,-58.38071485,"17,935"
2017,January,CASEROS,-34.63575018,-58.39892759,"4,768"
2017,January,CASTRO BARROS,-34.61177023,-58.42181567,"7,252"
2017,January,CATEDRAL,-34.60780234,-58.37395581,"24,683"
2017,January,CONGRESO,-34.60922568,-58.39266882,"9,773"
2017,January,CONGRESO DE TUCUMAN,-34.55564177,-58.46237841,"24,882"
2017,January,CONSTITUCION,-34.62761945,-58.38143443,"55,651"
2017,January,CORDOBA,-34.59845511,-58.4037215,"4,078"
2017,January,CORRIENTES,-34.6044902,-58.40545033,"4,337"
2017,January,DIAGONAL NORTE,-34.60484374,-58.37952998,"4,838"
2017,January,DORREGO,-34.59171815,-58.44757309,"11,025"
2017,January,ECHEVERRIA,-34.57779738,-58.4810135,"5,322"
2017,January,EMILIO MITRE,-34.63104184,-58.44217071,"4,372"
2017,January,ENTRE RIOS,-34.62271967,-58.3915117,"2,100"
2017,January,FACULTAD DE MEDICINA,-34.59975708,-58.39792376,"13,009"
2017,January,FEDERICO LACROZE,-34.58719785,-58.45502929,"19,978"
2017,January,FLORES,-34.62908723,-58.46354051,"9,134"
2017,January,FLORIDA,-34.60329729,-58.37507152,"15,674"
2017,January,GENERAL BELGRANO,-34.61284911,-58.37758089,"2,500"
2017,January,GENERAL SAN MARTIN,-34.5950574,-58.37781905,"7,076"
2017,January,HOSPITALES,-34.64126894,-58.41238515,"7,099"
2017,January,HUMBERTO I,-34.62309232,-58.40232273,"4,100"
2017,January,INCLAN,-34.62937566,-58.40096956,"3,633"
2017,January,INDEPENDENCIA,-34.6181256,-58.38017361,"11,272"
2017,January,INDEPENDENCIA,-34.61793739,-58.38153494,"11,272"
2017,January,JOSE HERNANDEZ,-34.56621524,-58.4521256,"9,410"
2017,January,JOSE MARIA MORENO,-34.62801755,-58.43381625,"3,049"
2017,January,JUJUY,-34.62386571,-58.40293658,"2,369"
2017,January,JURAMENTO,-34.56230909,-58.45648913,"13,675"
2017,January,LAS HERAS,-34.58746155,-58.39721558,"9,864"
2017,January,LAVALLE,-34.60176992,-58.37815578,"7,367"
2017,January,LEANDRO N. ALEM,-34.6029895,-58.36992985,"19,666"
2017,January,LIMA,-34.60909981,-58.3822324,"6,474"
2017,January,LORIA,-34.61078169,-58.41518571,"5,915"
2017,January,LOS INCAS,-34.58124885,-58.47424083,"7,660"
2017,January,MALABIA,-34.59896736,-58.4397715,"14,811"
2017,January,MARIANO MORENO,-34.61261728,-58.38044447,"5,945"
2017,January,MEDALLA MILAGROSA,-34.63638919,-58.45027826,"1,489"
2017,January,MEDRANO,-34.6031649,-58.42096247,"13,822"
2017,January,MINISTRO CARRANZA,-34.57517836,-58.43501353,"8,650"
2017,January,OLLEROS,-34.57001231,-58.44466815,"10,156"
2017,January,ONCE,-34.60893524,-58.40603638,"8,449"
2017,January,PALERMO,-34.57842202,-58.42571144,"14,859"
2017,January,PASCO,-34.60964596,-58.39842699,"2,952"
2017,January,PASTEUR,-34.60464297,-58.39947426,"9,924"
2017,January,PATRICIOS,-34.63840599,-58.40579483,"6,469"
2017,January,PERU,-34.60855907,-58.37426773,"9,907"
2017,January,PICHINCHA,-34.62310987,-58.39706807,"1,959"
2017,January,PIEDRAS,-34.60888172,-58.37908515,"5,714"
2017,January,PLAZA DE MAYO,-34.60881031,-58.3709685,"13,981"
2017,January,PLAZA ITALIA,-34.58141119,-58.42119601,"9,781"
2017,January,PLAZA MISERERE,-34.60981725,-58.40670712,"10,198"
2017,January,PRIMERA JUNTA,-34.62040521,-58.44117763,"9,769"
2017,January,PUAN,-34.62352895,-58.44864765,"5,232"
2017,January,PUEYRREDON,-34.60458106,-58.40539944,"9,666"
2017,January,PUEYRREDON.D,-34.59442572,-58.40239534,"8,208"
2017,January,PZA. DE LOS VIRREYES,-34.64331216,-58.46165176,"6,854"
2017,January,RETIRO,-34.59211436,-58.37584984,"58,374"
2017,January,RETIRO,-34.59119381,-58.37401822,"58,374"
2017,January,RIO DE JANEIRO,-34.61520561,-58.42950032,"8,160"
2017,January,ROSAS,-34.57431891,-58.48638535,"20,566"
2017,January,SAENZ PEÑA,-34.60941259,-58.38677719,"7,107"
2017,January,SAN JOSE,-34.62233949,-58.38514855,"2,110"
2017,January,SAN JUAN,-34.62191673,-58.37992118,"4,699"
2017,January,SAN PEDRITO,-34.63070709,-58.46963963,"20,019"
2017,January,SANTA FE,-34.5945254,-58.40237618,"6,599"
2017,January,SCALABRINI ORTIZ,-34.58515594,-58.41595542,"10,026"
2017,January,TRIBUNALES,-34.60158717,-58.38514236,"11,065"
2017,January,TRONADOR,-34.58409462,-58.4662272,"4,305"
2017,January,URQUIZA,-34.62465379,-58.40939078,"2,570"
2017,January,URUGUAY,-34.60409355,-58.38729613,"12,711"
2017,January,VARELA,-34.64013735,-58.45789176,"1,801"
2017,January,VENEZUELA,-34.61524215,-58.40473172,"5,375"
2017,February,9 DE JULIO,-34.6042452,-58.38057434,"7,911"
2017,February,ACOYTE,-34.61827997,-58.43642853,"11,361"
2017,February,AGUERO,-34.59162784,-58.40716132,"8,975"
2017,February,ALBERTI,-34.60983358,-58.40120753,"3,844"
2017,February,ANGEL GALLARDO,-34.60216223,-58.43127386,"12,801"
2017,February,AVENIDA DE MAYO,-34.60898331,-58.38061072,"4,999"
2017,February,AVENIDA LA PLATA,-34.62701547,-58.42678902,"4,108"
2017,February,BOEDO,-34.62536611,-58.41553282,"3,812"
2017,February,BOLIVAR,-34.60924243,-58.37368422,"10,557"
2017,February,BULNES,-34.58823711,-58.4112939,"14,215"
2017,February,CALLAO,-34.59963955,-58.39312518,"12,581"
2017,February,CALLAO.B,-34.60441954,-58.39231424,"15,037"
2017,February,CARABOBO,-34.62666659,-58.4567098,"8,930"
2017,February,CARLOS GARDEL,-34.60407952,-58.4117626,"13,899"
2017,February,CARLOS PELLEGRINI,-34.60363711,-58.38071485,"18,427"
2017,February,CASEROS,-34.63575018,-58.39892759,"5,071"
2017,February,CASTRO BARROS,-34.61177023,-58.42181567,"7,483"
2017,February,CATEDRAL,-34.60780234,-58.37395581,"26,375"
2017,February,CONGRESO,-34.60922568,-58.39266882,"10,781"
2017,February,CONGRESO DE TUCUMAN,-34.55564177,-58.46237841,"26,813"
2017,February,CONSTITUCION,-34.62761945,-58.38143443,"55,210"
2017,February,CORDOBA,-34.59845511,-58.4037215,"4,121"
2017,February,CORRIENTES,-34.6044902,-58.40545033,"4,562"
2017,February,DIAGONAL NORTE,-34.60484374,-58.37952998,"4,805"
2017,February,DORREGO,-34.59171815,-58.44757309,"11,573"
2017,February,ECHEVERRIA,-34.57779738,-58.4810135,"5,761"
2017,February,EMILIO MITRE,-34.63104184,-58.44217071,"4,814"
2017,February,ENTRE RIOS,-34.62271967,-58.3915117,"1,998"
2017,February,FACULTAD DE MEDICINA,-34.59975708,-58.39792376,"13,986"
2017,February,FEDERICO LACROZE,-34.58719785,-58.45502929,"21,880"
2017,February,FLORES,-34.62908723,-58.46354051,"9,443"
2017,February,FLORIDA,-34.60329729,-58.37507152,"16,321"
2017,February,GENERAL BELGRANO,-34.61284911,-58.37758089,"2,370"
2017,February,GENERAL SAN MARTIN,-34.5950574,-58.37781905,"7,367"
2017,February,HOSPITALES,-34.64126894,-58.41238515,"7,590"
2017,February,HUMBERTO I,-34.62309232,-58.40232273,"4,280"
2017,February,INCLAN,-34.62937566,-58.40096956,"3,813"
2017,February,INDEPENDENCIA,-34.6181256,-58.38017361,"10,760"
2017,February,INDEPENDENCIA,-34.61793739,-58.38153494,"10,760"
2017,February,JOSE HERNANDEZ,-34.56621524,-58.4521256,"9,889"
2017,February,JOSE MARIA MORENO,-34.62801755,-58.43381625,"3,225"
2017,February,JUJUY,-34.62386571,-58.40293658,"2,465"
2017,February,JURAMENTO,-34.56230909,-58.45648913,"14,517"
2017,February,LAS HERAS,-34.58746155,-58.39721558,"10,327"
2017,February,LAVALLE,-34.60176992,-58.37815578,"7,552"
2017,February,LEANDRO N. ALEM,-34.6029895,-58.36992985,"20,987"
2017,February,LIMA,-34.60909981,-58.3822324,"6,515"
2017,February,LORIA,-34.61078169,-58.41518571,"6,166"
2017,February,LOS INCAS,-34.58124885,-58.47424083,"8,152"
2017,February,MALABIA,-34.59896736,-58.4397715,"15,679"
2017,February,MARIANO MORENO,-34.61261728,-58.38044447,"6,133"
2017,February,MEDALLA MILAGROSA,-34.63638919,-58.45027826,"1,477"
2017,February,MEDRANO,-34.6031649,-58.42096247,"14,878"
2017,February,MINISTRO CARRANZA,-34.57517836,-58.43501353,"9,490"
2017,February,OLLEROS,-34.57001231,-58.44466815,"10,669"
2017,February,ONCE,-34.60893524,-58.40603638,"8,850"
2017,February,PALERMO,-34.57842202,-58.42571144,"15,850"
2017,February,PASCO,-34.60964596,-58.39842699,"2,899"
2017,February,PASTEUR,-34.60464297,-58.39947426,"10,583"
2017,February,PATRICIOS,-34.63840599,-58.40579483,"6,801"
2017,February,PERU,-34.60855907,-58.37426773,"10,172"
2017,February,PICHINCHA,-34.62310987,-58.39706807,"1,999"
2017,February,PIEDRAS,-34.60888172,-58.37908515,"5,667"
2017,February,PLAZA DE MAYO,-34.60881031,-58.3709685,"15,956"
2017,February,PLAZA ITALIA,-34.58141119,-58.42119601,"10,048"
2017,February,PLAZA MISERERE,-34.60981725,-58.40670712,"10,553"
2017,February,PRIMERA JUNTA,-34.62040521,-58.44117763,"10,354"
2017,February,PUAN,-34.62352895,-58.44864765,"5,605"
2017,February,PUEYRREDON,-34.60458106,-58.40539944,"10,433"
2017,February,PUEYRREDON.D,-34.59442572,-58.40239534,"8,520"
2017,February,PZA. DE LOS VIRREYES,-34.64331216,-58.46165176,"7,298"
2017,February,RETIRO,-34.59211436,-58.37584984,"61,171"
2017,February,RETIRO,-34.59119381,-58.37401822,"61,171"
2017,February,RIO DE JANEIRO,-34.61520561,-58.42950032,"8,559"
2017,February,ROSAS,-34.57431891,-58.48638535,"22,193"
2017,February,SAENZ PEÑA,-34.60941259,-58.38677719,"7,302"
2017,February,SAN JOSE,-34.62233949,-58.38514855,"2,261"
2017,February,SAN JUAN,-34.62191673,-58.37992118,"5,093"
2017,February,SAN PEDRITO,-34.63070709,-58.46963963,"21,858"
2017,February,SANTA FE,-34.5945254,-58.40237618,"7,046"
2017,February,SCALABRINI ORTIZ,-34.58515594,-58.41595542,"10,405"
2017,February,TRIBUNALES,-34.60158717,-58.38514236,"11,697"
2017,February,TRONADOR,-34.58409462,-58.4662272,"4,602"
2017,February,URQUIZA,-34.62465379,-58.40939078,"2,603"
2017,February,URUGUAY,-34.60409355,-58.38729613,"13,647"
2017,February,VARELA,-34.64013735,-58.45789176,"1,895"
2017,February,VENEZUELA,-34.61524215,-58.40473172,"5,591"
2017,March,9 DE JULIO,-34.6042452,-58.38057434,"9,083"
2017,March,ACOYTE,-34.61827997,-58.43642853,"12,231"
2017,March,AGUERO,-34.59162784,-58.40716132,"9,945"
2017,March,ALBERTI,-34.60983358,-58.40120753,"4,170"
2017,March,ANGEL GALLARDO,-34.60216223,-58.43127386,"13,674"
2017,March,AVENIDA DE MAYO,-34.60898331,-58.38061072,"5,723"
2017,March,AVENIDA LA PLATA,-34.62701547,-58.42678902,"4,474"
2017,March,BOEDO,-34.62536611,-58.41553282,"4,060"
2017,March,BOLIVAR,-34.60924243,-58.37368422,"11,995"
2017,March,BULNES,-34.58823711,-58.4112939,"15,177"
2017,March,CALLAO,-34.59963955,-58.39312518,"14,378"
2017,March,CALLAO.B,-34.60441954,-58.39231424,"16,165"
2017,March,CARABOBO,-34.62666659,-58.4567098,"9,659"
2017,March,CARLOS GARDEL,-34.60407952,-58.4117626,"14,002"
2017,March,CARLOS PELLEGRINI,-34.60363711,-58.38071485,"20,008"
2017,March,CASEROS,-34.63575018,-58.39892759,"5,513"
2017,March,CASTRO BARROS,-34.61177023,-58.42181567,"8,254"
2017,March,CATEDRAL,-34.60780234,-58.37395581,"30,461"
2017,March,CONGRESO,-34.60922568,-58.39266882,"11,917"
2017,March,CONGRESO DE TUCUMAN,-34.55564177,-58.46237841,"29,424"
2017,March,CONSTITUCION,-34.62761945,-58.38143443,"65,513"
2017,March,CORDOBA,-34.59845511,-58.4037215,"4,411"
2017,March,CORRIENTES,-34.6044902,-58.40545033,"4,853"
2017,March,DIAGONAL NORTE,-34.60484374,-58.37952998,"5,400"
2017,March,DORREGO,-34.59171815,-58.44757309,"12,654"
2017,March,ECHEVERRIA,-34.57779738,-58.4810135,"6,222"
2017,March,EMILIO MITRE,-34.63104184,-58.44217071,"5,096"
2017,March,ENTRE RIOS,-34.62271967,-58.3915117,"2,149"
2017,March,FACULTAD DE MEDICINA,-34.59975708,-58.39792376,"15,766"
2017,March,FEDERICO LACROZE,-34.58719785,-58.45502929,"23,591"
2017,March,FLORES,-34.62908723,-58.46354051,"10,296"
2017,March,FLORIDA,-34.60329729,-58.37507152,"18,256"
2017,March,GENERAL BELGRANO,-34.61284911,-58.37758089,"2,578"
2017,March,GENERAL SAN MARTIN,-34.5950574,-58.37781905,"8,186"
2017,March,HOSPITALES,-34.64126894,-58.41238515,"8,034"
2017,March,HUMBERTO I,-34.62309232,-58.40232273,"4,563"
2017,March,INCLAN,-34.62937566,-58.40096956,"4,009"
2017,March,INDEPENDENCIA,-34.6181256,-58.38017361,"11,671"
2017,March,INDEPENDENCIA,-34.61793739,-58.38153494,"11,671"
2017,March,JOSE HERNANDEZ,-34.56621524,-58.4521256,"10,860"
2017,March,JOSE MARIA MORENO,-34.62801755,-58.43381625,"3,429"
2017,March,JUJUY,-34.62386571,-58.40293658,"2,603"
2017,March,JURAMENTO,-34.56230909,-58.45648913,"15,467"
2017,March,LAS HERAS,-34.58746155,-58.39721558,"10,886"
2017,March,LAVALLE,-34.60176992,-58.37815578,"8,470"
2017,March,LEANDRO N. ALEM,-34.6029895,-58.36992985,"20,360"
2017,March,LIMA,-34.60909981,-58.3822324,"7,177"
2017,March,LORIA,-34.61078169,-58.41518571,"6,607"
2017,March,LOS INCAS,-34.58124885,-58.47424083,"8,853"
2017,March,MALABIA,-34.59896736,-58.4397715,"17,090"
2017,March,MARIANO MORENO,-34.61261728,-58.38044447,"6,458"
2017,March,MEDALLA MILAGROSA,-34.63638919,-58.45027826,"1,665"
2017,March,MEDRANO,-34.6031649,-58.42096247,"15,715"
2017,March,MINISTRO CARRANZA,-34.57517836,-58.43501353,"10,304"
2017,March,OLLEROS,-34.57001231,-58.44466815,"11,756"
2017,March,ONCE,-34.60893524,-58.40603638,"9,251"
2017,March,PALERMO,-34.57842202,-58.42571144,"16,753"
2017,March,PASCO,-34.60964596,-58.39842699,"3,240"
2017,March,PASTEUR,-34.60464297,-58.39947426,"11,759"
2017,March,PATRICIOS,-34.63840599,-58.40579483,"7,221"
2017,March,PERU,-34.60855907,-58.37426773,"11,419"
2017,March,PICHINCHA,-34.62310987,-58.39706807,"2,098"
2017,March,PIEDRAS,-34.60888172,-58.37908515,"6,484"
2017,March,PLAZA DE MAYO,-34.60881031,-58.3709685,"17,673"
2017,March,PLAZA ITALIA,-34.58141119,-58.42119601,"10,585"
2017,March,PLAZA MISERERE,-34.60981725,-58.40670712,"11,339"
2017,March,PRIMERA JUNTA,-34.62040521,-58.44117763,"11,172"
2017,March,PUAN,-34.62352895,-58.44864765,"6,147"
2017,March,PUEYRREDON,-34.60458106,-58.40539944,"11,183"
2017,March,PUEYRREDON.D,-34.59442572,-58.40239534,"9,382"
2017,March,PZA. DE LOS VIRREYES,-34.64331216,-58.46165176,"7,847"
2017,March,RETIRO,-34.59211436,-58.37584984,"64,540"
2017,March,RETIRO,-34.59119381,-58.37401822,"64,540"
2017,March,RIO DE JANEIRO,-34.61520561,-58.42950032,"9,268"
2017,March,ROSAS,-34.57431891,-58.48638535,"24,079"
2017,March,SAENZ PEÑA,-34.60941259,-58.38677719,"8,279"
2017,March,SAN JOSE,-34.62233949,-58.38514855,"2,377"
2017,March,SAN JUAN,-34.62191673,-58.37992118,"5,578"
2017,March,SAN PEDRITO,-34.63070709,-58.46963963,"23,631"
2017,March,SANTA FE,-34.5945254,-58.40237618,"7,569"
2017,March,SCALABRINI ORTIZ,-34.58515594,-58.41595542,"11,330"
2017,March,TRIBUNALES,-34.60158717,-58.38514236,"13,634"
2017,March,TRONADOR,-34.58409462,-58.4662272,"5,031"
2017,March,URQUIZA,-34.62465379,-58.40939078,"2,881"
2017,March,URUGUAY,-34.60409355,-58.38729613,"15,252"
2017,March,VARELA,-34.64013735,-58.45789176,"2,047"
2017,March,VENEZUELA,-34.61524215,-58.40473172,"5,885"
2017,April,9 DE JULIO,-34.6042452,-58.38057434,"8,442"
2017,April,ACOYTE,-34.61827997,-58.43642853,"11,965"
2017,April,AGUERO,-34.59162784,-58.40716132,"9,766"
2017,April,ALBERTI,-34.60983358,-58.40120753,"4,199"
2017,April,ANGEL GALLARDO,-34.60216223,-58.43127386,"13,557"
2017,April,AVENIDA DE MAYO,-34.60898331,-58.38061072,"5,183"
2017,April,AVENIDA LA PLATA,-34.62701547,-58.42678902,"4,421"
2017,April,BOEDO,-34.62536611,-58.41553282,"4,026"
2017,April,BOLIVAR,-34.60924243,-58.37368422,"10,999"
2017,April,BULNES,-34.58823711,-58.4112939,"14,974"
2017,April,CALLAO,-34.59963955,-58.39312518,"13,987"
2017,April,CALLAO.B,-34.60441954,-58.39231424,"15,984"
2017,April,CARABOBO,-34.62666659,-58.4567098,"9,552"
2017,April,CARLOS GARDEL,-34.60407952,-58.4117626,"14,125"
2017,April,CARLOS PELLEGRINI,-34.60363711,-58.38071485,"19,232"
2017,April,CASEROS,-34.63575018,-58.39892759,"5,406"
2017,April,CASTRO BARROS,-34.61177023,-58.42181567,"8,082"
2017,April,CATEDRAL,-34.60780234,-58.37395581,"28,222"
2017,April,CONGRESO,-34.60922568,-58.39266882,"11,491"
2017,April,CONGRESO DE TUCUMAN,-34.55564177,-58.46237841,"28,678"
2017,April,CONSTITUCION,-34.62761945,-58.38143443,"70,357"
2017,April,CORDOBA,-34.59845511,-58.4037215,"4,668"
2017,April,CORRIENTES,-34.6044902,-58.40545033,"5,039"
2017,April,DIAGONAL NORTE,-34.60484374,-58.37952998,"5,237"
2017,April,DORREGO,-34.59171815,-58.44757309,"12,323"
2017,April,ECHEVERRIA,-34.57779738,-58.4810135,"6,005"
2017,April,EMILIO MITRE,-34.63104184,-58.44217071,"5,010"
2017,April,ENTRE RIOS,-34.62271967,-58.3915117,"2,164"
2017,April,FACULTAD DE MEDICINA,-34.59975708,-58.39792376,"15,870"
2017,April,FEDERICO LACROZE,-34.58719785,-58.45502929,"23,187"
2017,April,FLORES,-34.62908723,-58.46354051,"10,199"
2017,April,FLORIDA,-34.60329729,-58.37507152,"17,166"
2017,April,GENERAL BELGRANO,-34.61284911,-58.37758089,"2,520"
2017,April,GENERAL SAN MARTIN,-34.5950574,-58.37781905,"7,941"
2017,April,HOSPITALES,-34.64126894,-58.41238515,"8,242"
2017,April,HUMBERTO I,-34.62309232,-58.40232273,"4,583"
2017,April,INCLAN,-34.62937566,-58.40096956,"4,013"
2017,April,INDEPENDENCIA,-34.6181256,-58.38017361,"11,874"
2017,April,INDEPENDENCIA,-34.61793739,-58.38153494,"11,874"
2017,April,JOSE HERNANDEZ,-34.56621524,-58.4521256,"10,706"
2017,April,JOSE MARIA MORENO,-34.62801755,-58.43381625,"3,425"
2017,April,JUJUY,-34.62386571,-58.40293658,"2,594"
2017,April,JURAMENTO,-34.56230909,-58.45648913,"15,345"
2017,April,LAS HERAS,-34.58746155,-58.39721558,"11,121"
2017,April,LAVALLE,-34.60176992,-58.37815578,"8,388"
2017,April,LEANDRO N. ALEM,-34.6029895,-58.36992985,"21,739"
2017,April,LIMA,-34.60909981,-58.3822324,"6,886"
2017,April,LORIA,-34.61078169,-58.41518571,"6,605"
2017,April,LOS INCAS,-34.58124885,-58.47424083,"8,620"
2017,April,MALABIA,-34.59896736,-58.4397715,"16,776"
2017,April,MARIANO MORENO,-34.61261728,-58.38044447,"6,596"
2017,April,MEDALLA MILAGROSA,-34.63638919,-58.45027826,"1,660"
2017,April,MEDRANO,-34.6031649,-58.42096247,"15,550"
2017,April,MINISTRO CARRANZA,-34.57517836,-58.43501353,"10,041"
2017,April,OLLEROS,-34.57001231,-58.44466815,"11,523"
2017,April,ONCE,-34.60893524,-58.40603638,"9,604"
2017,April,PALERMO,-34.57842202,-58.42571144,"16,645"
2017,April,PASCO,-34.60964596,-58.39842699,"3,214"
2017,April,PASTEUR,-34.60464297,-58.39947426,"11,800"
2017,April,PATRICIOS,-34.63840599,-58.40579483,"7,286"
2017,April,PERU,-34.60855907,-58.37426773,"10,610"
2017,April,PICHINCHA,-34.62310987,-58.39706807,"2,102"
2017,April,PIEDRAS,-34.60888172,-58.37908515,"6,063"
2017,April,PLAZA DE MAYO,-34.60881031,-58.3709685,"16,827"
2017,April,PLAZA ITALIA,-34.58141119,-58.42119601,"10,801"
2017,April,PLAZA MISERERE,-34.60981725,-58.40670712,"11,346"
2017,April,PRIMERA JUNTA,-34.62040521,-58.44117763,"10,957"
2017,April,PUAN,-34.62352895,-58.44864765,"6,205"
2017,April,PUEYRREDON,-34.60458106,-58.40539944,"11,391"
2017,April,PUEYRREDON.D,-34.59442572,-58.40239534,"9,319"
2017,April,PZA. DE LOS VIRREYES,-34.64331216,-58.46165176,"7,757"
2017,April,RETIRO,-34.59211436,-58.37584984,"65,013"
2017,April,RETIRO,-34.59119381,-58.37401822,"65,013"
2017,April,RIO DE JANEIRO,-34.61520561,-58.42950032,"9,126"
2017,April,ROSAS,-34.57431891,-58.48638535,"23,238"
2017,April,SAENZ PEÑA,-34.60941259,-58.38677719,"7,850"
2017,April,SAN JOSE,-34.62233949,-58.38514855,"2,368"
2017,April,SAN JUAN,-34.62191673,-58.37992118,"5,884"
2017,April,SAN PEDRITO,-34.63070709,-58.46963963,"23,392"
2017,April,SANTA FE,-34.5945254,-58.40237618,"7,612"
2017,April,SCALABRINI ORTIZ,-34.58515594,-58.41595542,"11,439"
2017,April,TRIBUNALES,-34.60158717,-58.38514236,"12,667"
2017,April,TRONADOR,-34.58409462,-58.4662272,"4,838"
2017,April,URQUIZA,-34.62465379,-58.40939078,"2,807"
2017,April,URUGUAY,-34.60409355,-58.38729613,"14,485"
2017,April,VARELA,-34.64013735,-58.45789176,"2,045"
2017,April,VENEZUELA,-34.61524215,-58.40473172,"5,903"
2017,May,9 DE JULIO,-34.6042452,-58.38057434,"8,529"
2017,May,ACOYTE,-34.61827997,-58.43642853,"11,953"
2017,May,AGUERO,-34.59162784,-58.40716132,"9,714"
2017,May,ALBERTI,-34.60983358,-58.40120753,"4,061"
2017,May,ANGEL GALLARDO,-34.60216223,-58.43127386,"13,181"
2017,May,AVENIDA DE MAYO,-34.60898331,-58.38061072,"4,883"
2017,May,AVENIDA LA PLATA,-34.62701547,-58.42678902,"4,251"
2017,May,BOEDO,-34.62536611,-58.41553282,"3,870"
2017,May,BOLIVAR,-34.60924243,-58.37368422,"10,604"
2017,May,BULNES,-34.58823711,-58.4112939,"14,939"
2017,May,CALLAO,-34.59963955,-58.39312518,"13,924"
2017,May,CALLAO.B,-34.60441954,-58.39231424,"15,666"
2017,May,CARABOBO,-34.62666659,-58.4567098,"9,382"
2017,May,CARLOS GARDEL,-34.60407952,-58.4117626,"14,035"
2017,May,CARLOS PELLEGRINI,-34.60363711,-58.38071485,"19,058"
2017,May,CASEROS,-34.63575018,-58.39892759,"5,393"
2017,May,CASTRO BARROS,-34.61177023,-58.42181567,"7,978"
2017,May,CATEDRAL,-34.60780234,-58.37395581,"27,194"
2017,May,CONGRESO,-34.60922568,-58.39266882,"11,559"
2017,May,CONGRESO DE TUCUMAN,-34.55564177,-58.46237841,"26,579"
2017,May,CONSTITUCION,-34.62761945,-58.38143443,"66,206"
2017,May,CORDOBA,-34.59845511,-58.4037215,"4,572"
2017,May,CORRIENTES,-34.6044902,-58.40545033,"4,870"
2017,May,DIAGONAL NORTE,-34.60484374,-58.37952998,"4,965"
2017,May,DORREGO,-34.59171815,-58.44757309,"12,166"
2017,May,ECHEVERRIA,-34.57779738,-58.4810135,"5,958"
2017,May,EMILIO MITRE,-34.63104184,-58.44217071,"4,930"
2017,May,ENTRE RIOS,-34.62271967,-58.3915117,"2,070"
2017,May,FACULTAD DE MEDICINA,-34.59975708,-58.39792376,"15,351"
2017,May,FEDERICO LACROZE,-34.58719785,-58.45502929,"22,846"
2017,May,FLORES,-34.62908723,-58.46354051,"10,000"
2017,May,FLORIDA,-34.60329729,-58.37507152,"17,277"
2017,May,GENERAL BELGRANO,-34.61284911,-58.37758089,"2,497"
2017,May,GENERAL SAN MARTIN,-34.5950574,-58.37781905,"7,804"
2017,May,HOSPITALES,-34.64126894,-58.41238515,"7,941"
2017,May,HUMBERTO I,-34.62309232,-58.40232273,"4,502"
2017,May,INCLAN,-34.62937566,-58.40096956,"3,908"
2017,May,INDEPENDENCIA,-34.6181256,-58.38017361,"11,026"
2017,May,INDEPENDENCIA,-34.61793739,-58.38153494,"11,026"
2017,May,JOSE HERNANDEZ,-34.56621524,-58.4521256,"10,179"
2017,May,JOSE MARIA MORENO,-34.62801755,-58.43381625,"3,326"
2017,May,JUJUY,-34.62386571,-58.40293658,"2,542"
2017,May,JURAMENTO,-34.56230909,-58.45648913,"14,762"
2017,May,LAS HERAS,-34.58746155,-58.39721558,"11,093"
2017,May,LAVALLE,-34.60176992,-58.37815578,"8,183"
2017,May,LEANDRO N. ALEM,-34.6029895,-58.36992985,"21,076"
2017,May,LIMA,-34.60909981,-58.3822324,"6,806"
2017,May,LORIA,-34.61078169,-58.41518571,"6,515"
2017,May,LOS INCAS,-34.58124885,-58.47424083,"8,503"
2017,May,MALABIA,-34.59896736,-58.4397715,"16,454"
2017,May,MARIANO MORENO,-34.61261728,-58.38044447,"6,303"
2017,May,MEDALLA MILAGROSA,-34.63638919,-58.45027826,"1,638"
2017,May,MEDRANO,-34.6031649,-58.42096247,"15,131"
2017,May,MINISTRO CARRANZA,-34.57517836,-58.43501353,"10,309"
2017,May,OLLEROS,-34.57001231,-58.44466815,"11,002"
2017,May,ONCE,-34.60893524,-58.40603638,"9,222"
2017,May,PALERMO,-34.57842202,-58.42571144,"16,074"
2017,May,PASCO,-34.60964596,-58.39842699,"3,111"
2017,May,PASTEUR,-34.60464297,-58.39947426,"11,246"
2017,May,PATRICIOS,-34.63840599,-58.40579483,"7,167"
2017,May,PERU,-34.60855907,-58.37426773,"10,462"
2017,May,PICHINCHA,-34.62310987,-58.39706807,"2,038"
2017,May,PIEDRAS,-34.60888172,-58.37908515,"6,135"
2017,May,PLAZA DE MAYO,-34.60881031,-58.3709685,"16,363"
2017,May,PLAZA ITALIA,-34.58141119,-58.42119601,"11,165"
2017,May,PLAZA MISERERE,-34.60981725,-58.40670712,"10,931"
2017,May,PRIMERA JUNTA,-34.62040521,-58.44117763,"10,601"
2017,May,PUAN,-34.62352895,-58.44864765,"5,994"
2017,May,PUEYRREDON,-34.60458106,-58.40539944,"10,783"
2017,May,PUEYRREDON.D,-34.59442572,-58.40239534,"9,228"
2017,May,PZA. DE LOS VIRREYES,-34.64331216,-58.46165176,"7,215"
2017,May,RETIRO,-34.59211436,-58.37584984,"61,231"
2017,May,RETIRO,-34.59119381,-58.37401822,"61,231"
2017,May,RIO DE JANEIRO,-34.61520561,-58.42950032,"9,039"
2017,May,ROSAS,-34.57431891,-58.48638535,"21,950"
2017,May,SAENZ PEÑA,-34.60941259,-58.38677719,"7,799"
2017,May,SAN JOSE,-34.62233949,-58.38514855,"2,327"
2017,May,SAN JUAN,-34.62191673,-58.37992118,"5,979"
2017,May,SAN PEDRITO,-34.63070709,-58.46963963,"21,900"
2017,May,SANTA FE,-34.5945254,-58.40237618,"7,468"
2017,May,SCALABRINI ORTIZ,-34.58515594,-58.41595542,"11,216"
2017,May,TRIBUNALES,-34.60158717,-58.38514236,"12,680"
2017,May,TRONADOR,-34.58409462,-58.4662272,"4,790"
2017,May,URQUIZA,-34.62465379,-58.40939078,"2,745"
2017,May,URUGUAY,-34.60409355,-58.38729613,"14,482"
2017,May,VARELA,-34.64013735,-58.45789176,"1,993"
2017,May,VENEZUELA,-34.61524215,-58.40473172,"5,947"
2017,June,9 DE JULIO,-34.6042452,-58.38057434,"9,938"
2017,June,ACOYTE,-34.61827997,-58.43642853,"13,331"
2017,June,AGUERO,-34.59162784,-58.40716132,"10,683"
2017,June,ALBERTI,-34.60983358,-58.40120753,"4,615"
2017,June,ANGEL GALLARDO,-34.60216223,-58.43127386,"14,932"
2017,June,AVENIDA DE MAYO,-34.60898331,-58.38061072,"5,987"
2017,June,AVENIDA LA PLATA,-34.62701547,-58.42678902,"4,851"
2017,June,BOEDO,-34.62536611,-58.41553282,"4,376"
2017,June,BOLIVAR,-34.60924243,-58.37368422,"12,707"
2017,June,BULNES,-34.58823711,-58.4112939,"16,482"
2017,June,CALLAO,-34.59963955,-58.39312518,"15,831"
2017,June,CALLAO.B,-34.60441954,-58.39231424,"18,221"
2017,June,CARABOBO,-34.62666659,-58.4567098,"10,554"
2017,June,CARLOS GARDEL,-34.60407952,-58.4117626,"15,106"
2017,June,CARLOS PELLEGRINI,-34.60363711,-58.38071485,"21,338"
2017,June,CASEROS,-34.63575018,-58.39892759,"6,146"
2017,June,CASTRO BARROS,-34.61177023,-58.42181567,"8,958"
2017,June,CATEDRAL,-34.60780234,-58.37395581,"32,272"
2017,June,CONGRESO,-34.60922568,-58.39266882,"13,261"
2017,June,CONGRESO DE TUCUMAN,-34.55564177,-58.46237841,"31,792"
2017,June,CONSTITUCION,-34.62761945,-58.38143443,"74,503"
2017,June,CORDOBA,-34.59845511,-58.4037215,"5,435"
2017,June,CORRIENTES,-34.6044902,-58.40545033,"5,540"
2017,June,DIAGONAL NORTE,-34.60484374,-58.37952998,"5,891"
2017,June,DORREGO,-34.59171815,-58.44757309,"13,994"
2017,June,ECHEVERRIA,-34.57779738,-58.4810135,"6,720"
2017,June,EMILIO MITRE,-34.63104184,-58.44217071,"5,422"
2017,June,ENTRE RIOS,-34.62271967,-58.3915117,"2,548"
2017,June,FACULTAD DE MEDICINA,-34.59975708,-58.39792376,"17,044"
2017,June,FEDERICO LACROZE,-34.58719785,-58.45502929,"25,516"
2017,June,FLORES,-34.62908723,-58.46354051,"11,124"
2017,June,FLORIDA,-34.60329729,-58.37507152,"19,978"
2017,June,GENERAL BELGRANO,-34.61284911,-58.37758089,"2,891"
2017,June,GENERAL SAN MARTIN,-34.5950574,-58.37781905,"9,031"
2017,June,HOSPITALES,-34.64126894,-58.41238515,"9,021"
2017,June,HUMBERTO I,-34.62309232,-58.40232273,"5,042"
2017,June,INCLAN,-34.62937566,-58.40096956,"4,407"
2017,June,INDEPENDENCIA,-34.6181256,-58.38017361,"13,598"
2017,June,INDEPENDENCIA,-34.61793739,-58.38153494,"13,598"
2017,June,JOSE HERNANDEZ,-34.56621524,-58.4521256,"11,808"
2017,June,JOSE MARIA MORENO,-34.62801755,-58.43381625,"3,717"
2017,June,JUJUY,-34.62386571,-58.40293658,"2,834"
2017,June,JURAMENTO,-34.56230909,-58.45648913,"16,666"
2017,June,LAS HERAS,-34.58746155,-58.39721558,"12,039"
2017,June,LAVALLE,-34.60176992,-58.37815578,"9,379"
2017,June,LEANDRO N. ALEM,-34.6029895,-58.36992985,"25,526"
2017,June,LIMA,-34.60909981,-58.3822324,"7,809"
2017,June,LORIA,-34.61078169,-58.41518571,"7,178"
2017,June,LOS INCAS,-34.58124885,-58.47424083,"9,644"
2017,June,MALABIA,-34.59896736,-58.4397715,"18,674"
2017,June,MARIANO MORENO,-34.61261728,-58.38044447,"7,546"
2017,June,MEDALLA MILAGROSA,-34.63638919,-58.45027826,"1,775"
2017,June,MEDRANO,-34.6031649,-58.42096247,"17,029"
2017,June,MINISTRO CARRANZA,-34.57517836,-58.43501353,"11,157"
2017,June,OLLEROS,-34.57001231,-58.44466815,"12,827"
2017,June,ONCE,-34.60893524,-58.40603638,"10,583"
2017,June,PALERMO,-34.57842202,-58.42571144,"18,359"
2017,June,PASCO,-34.60964596,-58.39842699,"3,618"
2017,June,PASTEUR,-34.60464297,-58.39947426,"13,008"
2017,June,PATRICIOS,-34.63840599,-58.40579483,"8,095"
2017,June,PERU,-34.60855907,-58.37426773,"12,182"
2017,June,PICHINCHA,-34.62310987,-58.39706807,"2,330"
2017,June,PIEDRAS,-34.60888172,-58.37908515,"7,152"
2017,June,PLAZA DE MAYO,-34.60881031,-58.3709685,"19,101"
2017,June,PLAZA ITALIA,-34.58141119,-58.42119601,"12,002"
2017,June,PLAZA MISERERE,-34.60981725,-58.40670712,"12,579"
2017,June,PRIMERA JUNTA,-34.62040521,-58.44117763,"12,152"
2017,June,PUAN,-34.62352895,-58.44864765,"6,763"
2017,June,PUEYRREDON,-34.60458106,-58.40539944,"12,668"
2017,June,PUEYRREDON.D,-34.59442572,-58.40239534,"10,298"
2017,June,PZA. DE LOS VIRREYES,-34.64331216,-58.46165176,"8,516"
2017,June,RETIRO,-34.59211436,-58.37584984,"71,576"
2017,June,RETIRO,-34.59119381,-58.37401822,"71,576"
2017,June,RIO DE JANEIRO,-34.61520561,-58.42950032,"10,045"
2017,June,ROSAS,-34.57431891,-58.48638535,"25,965"
2017,June,SAENZ PEÑA,-34.60941259,-58.38677719,"9,177"
2017,June,SAN JOSE,-34.62233949,-58.38514855,"2,597"
2017,June,SAN JUAN,-34.62191673,-58.37992118,"6,189"
2017,June,SAN PEDRITO,-34.63070709,-58.46963963,"25,347"
2017,June,SANTA FE,-34.5945254,-58.40237618,"8,644"
2017,June,SCALABRINI ORTIZ,-34.58515594,-58.41595542,"12,399"
2017,June,TRIBUNALES,-34.60158717,-58.38514236,"14,963"
2017,June,TRONADOR,-34.58409462,-58.4662272,"5,480"
2017,June,URQUIZA,-34.62465379,-58.40939078,"3,036"
2017,June,URUGUAY,-34.60409355,-58.38729613,"16,982"
2017,June,VARELA,-34.64013735,-58.45789176,"2,243"
2017,June,VENEZUELA,-34.61524215,-58.40473172,"6,447"
2017,July,9 DE JULIO,-34.6042452,-58.38057434,"9,623"
2017,July,ACOYTE,-34.61827997,-58.43642853,"13,202"
2017,July,AGUERO,-34.59162784,-58.40716132,"10,669"
2017,July,ALBERTI,-34.60983358,-58.40120753,"4,487"
2017,July,ANGEL GALLARDO,-34.60216223,-58.43127386,"14,477"
2017,July,AVENIDA DE MAYO,-34.60898331,-58.38061072,"6,189"
2017,July,AVENIDA LA PLATA,-34.62701547,-58.42678902,"4,830"
2017,July,BOEDO,-34.62536611,-58.41553282,"4,292"
2017,July,BOLIVAR,-34.60924243,-58.37368422,"13,367"
2017,July,BULNES,-34.58823711,-58.4112939,"16,319"
2017,July,CALLAO,-34.59963955,-58.39312518,"15,714"
2017,July,CALLAO.B,-34.60441954,-58.39231424,"17,522"
2017,July,CARABOBO,-34.62666659,-58.4567098,"10,362"
2017,July,CARLOS GARDEL,-34.60407952,-58.4117626,"15,329"
2017,July,CARLOS PELLEGRINI,-34.60363711,-58.38071485,"21,287"
2017,July,CASEROS,-34.63575018,-58.39892759,"5,879"
2017,July,CASTRO BARROS,-34.61177023,-58.42181567,"8,901"
2017,July,CATEDRAL,-34.60780234,-58.37395581,"31,596"
2017,July,CONGRESO,-34.60922568,-58.39266882,"12,870"
2017,July,CONGRESO DE TUCUMAN,-34.55564177,-58.46237841,"31,473"
2017,July,CONSTITUCION,-34.62761945,-58.38143443,"76,611"
2017,July,CORDOBA,-34.59845511,-58.4037215,"4,982"
2017,July,CORRIENTES,-34.6044902,-58.40545033,"5,342"
2017,July,DIAGONAL NORTE,-34.60484374,-58.37952998,"6,055"
2017,July,DORREGO,-34.59171815,-58.44757309,"13,667"
2017,July,ECHEVERRIA,-34.57779738,-58.4810135,"6,560"
2017,July,EMILIO MITRE,-34.63104184,-58.44217071,"5,316"
2017,July,ENTRE RIOS,-34.62271967,-58.3915117,"2,367"
2017,July,FACULTAD DE MEDICINA,-34.59975708,-58.39792376,"16,855"
2017,July,FEDERICO LACROZE,-34.58719785,-58.45502929,"25,040"
2017,July,FLORES,-34.62908723,-58.46354051,"11,011"
2017,July,FLORIDA,-34.60329729,-58.37507152,"19,509"
2017,July,GENERAL BELGRANO,-34.61284911,-58.37758089,"2,917"
2017,July,GENERAL SAN MARTIN,-34.5950574,-58.37781905,"9,117"
2017,July,HOSPITALES,-34.64126894,-58.41238515,"8,880"
2017,July,HUMBERTO I,-34.62309232,-58.40232273,"4,960"
2017,July,INCLAN,-34.62937566,-58.40096956,"4,326"
2017,July,INDEPENDENCIA,-34.6181256,-58.38017361,"13,706"
2017,July,INDEPENDENCIA,-34.61793739,-58.38153494,"13,706"
2017,July,JOSE HERNANDEZ,-34.56621524,-58.4521256,"11,746"
2017,July,JOSE MARIA MORENO,-34.62801755,-58.43381625,"3,547"
2017,July,JUJUY,-34.62386571,-58.40293658,"2,833"
2017,July,JURAMENTO,-34.56230909,-58.45648913,"16,648"
2017,July,LAS HERAS,-34.58746155,-58.39721558,"11,818"
2017,July,LAVALLE,-34.60176992,-58.37815578,"9,547"
2017,July,LEANDRO N. ALEM,-34.6029895,-58.36992985,"24,616"
2017,July,LIMA,-34.60909981,-58.3822324,"7,966"
2017,July,LORIA,-34.61078169,-58.41518571,"7,110"
2017,July,LOS INCAS,-34.58124885,-58.47424083,"9,353"
2017,July,MALABIA,-34.59896736,-58.4397715,"18,190"
2017,July,MARIANO MORENO,-34.61261728,-58.38044447,"7,573"
2017,July,MEDALLA MILAGROSA,-34.63638919,-58.45027826,"1,729"
2017,July,MEDRANO,-34.6031649,-58.42096247,"16,877"
2017,July,MINISTRO CARRANZA,-34.57517836,-58.43501353,"10,992"
2017,July,OLLEROS,-34.57001231,-58.44466815,"12,616"
2017,July,ONCE,-34.60893524,-58.40603638,"10,458"
2017,July,PALERMO,-34.57842202,-58.42571144,"18,076"
2017,July,PASCO,-34.60964596,-58.39842699,"3,548"
2017,July,PASTEUR,-34.60464297,-58.39947426,"12,717"
2017,July,PATRICIOS,-34.63840599,-58.40579483,"7,884"
2017,July,PERU,-34.60855907,-58.37426773,"12,591"
2017,July,PICHINCHA,-34.62310987,-58.39706807,"2,269"
2017,July,PIEDRAS,-34.60888172,-58.37908515,"7,066"
2017,July,PLAZA DE MAYO,-34.60881031,-58.3709685,"17,753"
2017,July,PLAZA ITALIA,-34.58141119,-58.42119601,"11,736"
2017,July,PLAZA MISERERE,-34.60981725,-58.40670712,"12,453"
2017,July,PRIMERA JUNTA,-34.62040521,-58.44117763,"11,927"
2017,July,PUAN,-34.62352895,-58.44864765,"6,670"
2017,July,PUEYRREDON,-34.60458106,-58.40539944,"12,420"
2017,July,PUEYRREDON.D,-34.59442572,-58.40239534,"10,210"
2017,July,PZA. DE LOS VIRREYES,-34.64331216,-58.46165176,"8,216"
2017,July,RETIRO,-34.59211436,-58.37584984,"71,304"
2017,July,RETIRO,-34.59119381,-58.37401822,"71,304"
2017,July,RIO DE JANEIRO,-34.61520561,-58.42950032,"10,024"
2017,July,ROSAS,-34.57431891,-58.48638535,"25,262"
2017,July,SAENZ PEÑA,-34.60941259,-58.38677719,"8,817"
2017,July,SAN JOSE,-34.62233949,-58.38514855,"2,611"
2017,July,SAN JUAN,-34.62191673,-58.37992118,"6,477"
2017,July,SAN PEDRITO,-34.63070709,-58.46963963,"25,724"
2017,July,SANTA FE,-34.5945254,-58.40237618,"8,355"
2017,July,SCALABRINI ORTIZ,-34.58515594,-58.41595542,"12,398"
2017,July,TRIBUNALES,-34.60158717,-58.38514236,"14,921"
2017,July,TRONADOR,-34.58409462,-58.4662272,"5,387"
2017,July,URQUIZA,-34.62465379,-58.40939078,"2,987"
2017,July,URUGUAY,-34.60409355,-58.38729613,"16,730"
2017,July,VARELA,-34.64013735,-58.45789176,"2,125"
2017,July,VENEZUELA,-34.61524215,-58.40473172,"6,417"
2017,August,9 DE JULIO,-34.6042452,-58.38057434,"7,981"
2017,August,ACOYTE,-34.61827997,-58.43642853,"11,119"
2017,August,AGUERO,-34.59162784,-58.40716132,"8,990"
2017,August,ALBERTI,-34.60983358,-58.40120753,"3,785"
2017,August,ANGEL GALLARDO,-34.60216223,-58.43127386,"12,387"
2017,August,AVENIDA DE MAYO,-34.60898331,-58.38061072,"5,000"
2017,August,AVENIDA LA PLATA,-34.62701547,-58.42678902,"4,064"
2017,August,BOEDO,-34.62536611,-58.41553282,"3,760"
2017,August,BOLIVAR,-34.60924243,-58.37368422,"10,567"
2017,August,BULNES,-34.58823711,-58.4112939,"14,224"
2017,August,CALLAO,-34.59963955,-58.39312518,"13,076"
2017,August,CALLAO.B,-34.60441954,-58.39231424,"14,977"
2017,August,CARABOBO,-34.62666659,-58.4567098,"8,551"
2017,August,CARLOS GARDEL,-34.60407952,-58.4117626,"13,965"
2017,August,CARLOS PELLEGRINI,-34.60363711,-58.38071485,"19,808"
2017,August,CASEROS,-34.63575018,-58.39892759,"4,849"
2017,August,CASTRO BARROS,-34.61177023,-58.42181567,"7,406"
2017,August,CATEDRAL,-34.60780234,-58.37395581,"25,960"
2017,August,CONGRESO,-34.60922568,-58.39266882,"10,539"
2017,August,CONGRESO DE TUCUMAN,-34.55564177,-58.46237841,"25,836"
2017,August,CONSTITUCION,-34.62761945,-58.38143443,"58,917"
2017,August,CORDOBA,-34.59845511,-58.4037215,"4,224"
2017,August,CORRIENTES,-34.6044902,-58.40545033,"4,472"
2017,August,DIAGONAL NORTE,-34.60484374,-58.37952998,"4,828"
2017,August,DORREGO,-34.59171815,-58.44757309,"11,278"
2017,August,ECHEVERRIA,-34.57779738,-58.4810135,"5,478"
2017,August,EMILIO MITRE,-34.63104184,-58.44217071,"4,500"
2017,August,ENTRE RIOS,-34.62271967,-58.3915117,"1,977"
2017,August,FACULTAD DE MEDICINA,-34.59975708,-58.39792376,"14,282"
2017,August,FEDERICO LACROZE,-34.58719785,-58.45502929,"20,416"
2017,August,FLORES,-34.62908723,-58.46354051,"9,021"
2017,August,FLORIDA,-34.60329729,-58.37507152,"14,158"
2017,August,GENERAL BELGRANO,-34.61284911,-58.37758089,"2,353"
2017,August,GENERAL SAN MARTIN,-34.5950574,-58.37781905,"7,429"
2017,August,HOSPITALES,-34.64126894,-58.41238515,"7,236"
2017,August,HUMBERTO I,-34.62309232,-58.40232273,"4,165"
2017,August,INCLAN,-34.62937566,-58.40096956,"3,671"
2017,August,INDEPENDENCIA,-34.6181256,-58.38017361,"11,449"
2017,August,INDEPENDENCIA,-34.61793739,-58.38153494,"11,449"
2017,August,JOSE HERNANDEZ,-34.56621524,-58.4521256,"9,622"
2017,August,JOSE MARIA MORENO,-34.62801755,-58.43381625,"3,126"
2017,August,JUJUY,-34.62386571,-58.40293658,"2,431"
2017,August,JURAMENTO,-34.56230909,-58.45648913,"14,052"
2017,August,LAS HERAS,-34.58746155,-58.39721558,"10,230"
2017,August,LAVALLE,-34.60176992,-58.37815578,"7,775"
2017,August,LEANDRO N. ALEM,-34.6029895,-58.36992985,"18,626"
2017,August,LIMA,-34.60909981,-58.3822324,"6,519"
2017,August,LORIA,-34.61078169,-58.41518571,"5,979"
2017,August,LOS INCAS,-34.58124885,-58.47424083,"7,855"
2017,August,MALABIA,-34.59896736,-58.4397715,"15,370"
2017,August,MARIANO MORENO,-34.61261728,-58.38044447,"6,127"
2017,August,MEDALLA MILAGROSA,-34.63638919,-58.45027826,"1,517"
2017,August,MEDRANO,-34.6031649,-58.42096247,"14,241"
2017,August,MINISTRO CARRANZA,-34.57517836,-58.43501353,"9,316"
2017,August,OLLEROS,-34.57001231,-58.44466815,"10,438"
2017,August,ONCE,-34.60893524,-58.40603638,"8,928"
2017,August,PALERMO,-34.57842202,-58.42571144,"15,433"
2017,August,PASCO,-34.60964596,-58.39842699,"2,863"
2017,August,PASTEUR,-34.60464297,-58.39947426,"10,339"
2017,August,PATRICIOS,-34.63840599,-58.40579483,"6,534"
2017,August,PERU,-34.60855907,-58.37426773,"9,374"
2017,August,PICHINCHA,-34.62310987,-58.39706807,"1,949"
2017,August,PIEDRAS,-34.60888172,-58.37908515,"5,899"
2017,August,PLAZA DE MAYO,-34.60881031,-58.3709685,"15,975"
2017,August,PLAZA ITALIA,-34.58141119,-58.42119601,"10,482"
2017,August,PLAZA MISERERE,-34.60981725,-58.40670712,"10,258"
2017,August,PRIMERA JUNTA,-34.62040521,-58.44117763,"9,924"
2017,August,PUAN,-34.62352895,-58.44864765,"5,616"
2017,August,PUEYRREDON,-34.60458106,-58.40539944,"10,139"
2017,August,PUEYRREDON.D,-34.59442572,-58.40239534,"8,430"
2017,August,PZA. DE LOS VIRREYES,-34.64331216,-58.46165176,"6,891"
2017,August,RETIRO,-34.59211436,-58.37584984,"59,340"
2017,August,RETIRO,-34.59119381,-58.37401822,"59,340"
2017,August,RIO DE JANEIRO,-34.61520561,-58.42950032,"8,479"
2017,August,ROSAS,-34.57431891,-58.48638535,"21,214"
2017,August,SAENZ PEÑA,-34.60941259,-58.38677719,"7,135"
2017,August,SAN JOSE,-34.62233949,-58.38514855,"2,196"
2017,August,SAN JUAN,-34.62191673,-58.37992118,"5,102"
2017,August,SAN PEDRITO,-34.63070709,-58.46963963,"20,514"
2017,August,SANTA FE,-34.5945254,-58.40237618,"6,852"
2017,August,SCALABRINI ORTIZ,-34.58515594,-58.41595542,"10,322"
2017,August,TRIBUNALES,-34.60158717,-58.38514236,"11,967"
2017,August,TRONADOR,-34.58409462,-58.4662272,"4,410"
2017,August,URQUIZA,-34.62465379,-58.40939078,"2,523"
2017,August,URUGUAY,-34.60409355,-58.38729613,"13,638"
2017,August,VARELA,-34.64013735,-58.45789176,"1,813"
2017,August,VENEZUELA,-34.61524215,-58.40473172,"5,426"
2017,September,9 DE JULIO,-34.6042452,-58.38057434,"8,262"
2017,September,ACOYTE,-34.61827997,-58.43642853,"11,538"
2017,September,AGUERO,-34.59162784,-58.40716132,"9,328"
2017,September,ALBERTI,-34.60983358,-58.40120753,"3,936"
2017,September,ANGEL GALLARDO,-34.60216223,-58.43127386,"12,615"
2017,September,AVENIDA DE MAYO,-34.60898331,-58.38061072,"4,901"
2017,September,AVENIDA LA PLATA,-34.62701547,-58.42678902,"4,207"
2017,September,BOEDO,-34.62536611,-58.41553282,"3,854"
2017,September,BOLIVAR,-34.60924243,-58.37368422,"10,369"
2017,September,BULNES,-34.58823711,-58.4112939,"14,548"
2017,September,CALLAO,-34.59963955,-58.39312518,"13,481"
2017,September,CALLAO.B,-34.60441954,-58.39231424,"15,379"
2017,September,CARABOBO,-34.62666659,-58.4567098,"9,019"
2017,September,CARLOS GARDEL,-34.60407952,-58.4117626,"14,449"
2017,September,CARLOS PELLEGRINI,-34.60363711,-58.38071485,"18,977"
2017,September,CASEROS,-34.63575018,-58.39892759,"5,122"
2017,September,CASTRO BARROS,-34.61177023,-58.42181567,"7,762"
2017,September,CATEDRAL,-34.60780234,-58.37395581,"27,322"
2017,September,CONGRESO,-34.60922568,-58.39266882,"10,515"
2017,September,CONGRESO DE TUCUMAN,-34.55564177,-58.46237841,"27,483"
2017,September,CONSTITUCION,-34.62761945,-58.38143443,"62,027"
2017,September,CORDOBA,-34.59845511,-58.4037215,"4,439"
2017,September,CORRIENTES,-34.6044902,-58.40545033,"4,793"
2017,September,DIAGONAL NORTE,-34.60484374,-58.37952998,"4,963"
2017,September,DORREGO,-34.59171815,-58.44757309,"11,699"
2017,September,ECHEVERRIA,-34.57779738,-58.4810135,"5,779"
2017,September,EMILIO MITRE,-34.63104184,-58.44217071,"4,758"
2017,September,ENTRE RIOS,-34.62271967,-58.3915117,"1,927"
2017,September,FACULTAD DE MEDICINA,-34.59975708,-58.39792376,"14,694"
2017,September,FEDERICO LACROZE,-34.58719785,-58.45502929,"21,384"
2017,September,FLORES,-34.62908723,-58.46354051,"9,500"
2017,September,FLORIDA,-34.60329729,-58.37507152,"16,984"
2017,September,GENERAL BELGRANO,-34.61284911,-58.37758089,"2,367"
2017,September,GENERAL SAN MARTIN,-34.5950574,-58.37781905,"7,701"
2017,September,HOSPITALES,-34.64126894,-58.41238515,"7,672"
2017,September,HUMBERTO I,-34.62309232,-58.40232273,"4,373"
2017,September,INCLAN,-34.62937566,-58.40096956,"3,857"
2017,September,INDEPENDENCIA,-34.6181256,-58.38017361,"12,213"
2017,September,INDEPENDENCIA,-34.61793739,-58.38153494,"12,213"
2017,September,JOSE HERNANDEZ,-34.56621524,-58.4521256,"10,123"
2017,September,JOSE MARIA MORENO,-34.62801755,-58.43381625,"3,264"
2017,September,JUJUY,-34.62386571,-58.40293658,"2,499"
2017,September,JURAMENTO,-34.56230909,-58.45648913,"14,502"
2017,September,LAS HERAS,-34.58746155,-58.39721558,"10,268"
2017,September,LAVALLE,-34.60176992,-58.37815578,"7,904"
2017,September,LEANDRO N. ALEM,-34.6029895,-58.36992985,"19,678"
2017,September,LIMA,-34.60909981,-58.3822324,"6,558"
2017,September,LORIA,-34.61078169,-58.41518571,"6,280"
2017,September,LOS INCAS,-34.58124885,-58.47424083,"8,200"
2017,September,MALABIA,-34.59896736,-58.4397715,"15,684"
2017,September,MARIANO MORENO,-34.61261728,-58.38044447,"6,195"
2017,September,MEDALLA MILAGROSA,-34.63638919,-58.45027826,"1,563"
2017,September,MEDRANO,-34.6031649,-58.42096247,"14,867"
2017,September,MINISTRO CARRANZA,-34.57517836,-58.43501353,"9,465"
2017,September,OLLEROS,-34.57001231,-58.44466815,"11,068"
2017,September,ONCE,-34.60893524,-58.40603638,"9,571"
2017,September,PALERMO,-34.57842202,-58.42571144,"15,932"
2017,September,PASCO,-34.60964596,-58.39842699,"3,027"
2017,September,PASTEUR,-34.60464297,-58.39947426,"11,181"
2017,September,PATRICIOS,-34.63840599,-58.40579483,"6,880"
2017,September,PERU,-34.60855907,-58.37426773,"9,711"
2017,September,PICHINCHA,-34.62310987,-58.39706807,"2,006"
2017,September,PIEDRAS,-34.60888172,-58.37908515,"6,199"
2017,September,PLAZA DE MAYO,-34.60881031,-58.3709685,"16,003"
2017,September,PLAZA ITALIA,-34.58141119,-58.42119601,"10,542"
2017,September,PLAZA MISERERE,-34.60981725,-58.40670712,"11,156"
2017,September,PRIMERA JUNTA,-34.62040521,-58.44117763,"10,618"
2017,September,PUAN,-34.62352895,-58.44864765,"5,753"
2017,September,PUEYRREDON,-34.60458106,-58.40539944,"10,761"
2017,September,PUEYRREDON.D,-34.59442572,-58.40239534,"8,868"
2017,September,PZA. DE LOS VIRREYES,-34.64331216,-58.46165176,"7,233"
2017,September,RETIRO,-34.59211436,-58.37584984,"62,344"
2017,September,RETIRO,-34.59119381,-58.37401822,"62,344"
2017,September,RIO DE JANEIRO,-34.61520561,-58.42950032,"8,667"
2017,September,ROSAS,-34.57431891,-58.48638535,"21,958"
2017,September,SAENZ PEÑA,-34.60941259,-58.38677719,"7,442"
2017,September,SAN JOSE,-34.62233949,-58.38514855,"2,281"
2017,September,SAN JUAN,-34.62191673,-58.37992118,"5,086"
2017,September,SAN PEDRITO,-34.63070709,-58.46963963,"22,558"
2017,September,SANTA FE,-34.5945254,-58.40237618,"7,285"
2017,September,SCALABRINI ORTIZ,-34.58515594,-58.41595542,"10,751"
2017,September,TRIBUNALES,-34.60158717,-58.38514236,"12,506"
2017,September,TRONADOR,-34.58409462,-58.4662272,"4,562"
2017,September,URQUIZA,-34.62465379,-58.40939078,"2,673"
2017,September,URUGUAY,-34.60409355,-58.38729613,"14,193"
2017,September,VARELA,-34.64013735,-58.45789176,"1,928"
2017,September,VENEZUELA,-34.61524215,-58.40473172,"5,696"
2017,October,9 DE JULIO,-34.6042452,-58.38057434,"9,492"
2017,October,ACOYTE,-34.61827997,-58.43642853,"12,511"
2017,October,AGUERO,-34.59162784,-58.40716132,"10,290"
2017,October,ALBERTI,-34.60983358,-58.40120753,"4,341"
2017,October,ANGEL GALLARDO,-34.60216223,-58.43127386,"13,771"
2017,October,AVENIDA DE MAYO,-34.60898331,-58.38061072,"6,024"
2017,October,AVENIDA LA PLATA,-34.62701547,-58.42678902,"4,634"
2017,October,BOEDO,-34.62536611,-58.41553282,"4,176"
2017,October,BOLIVAR,-34.60924243,-58.37368422,"12,268"
2017,October,BULNES,-34.58823711,-58.4112939,"15,675"
2017,October,CALLAO,-34.59963955,-58.39312518,"15,233"
2017,October,CALLAO.B,-34.60441954,-58.39231424,"16,385"
2017,October,CARABOBO,-34.62666659,-58.4567098,"9,860"
2017,October,CARLOS GARDEL,-34.60407952,-58.4117626,"14,340"
2017,October,CARLOS PELLEGRINI,-34.60363711,-58.38071485,"20,621"
2017,October,CASEROS,-34.63575018,-58.39892759,"5,525"
2017,October,CASTRO BARROS,-34.61177023,-58.42181567,"8,574"
2017,October,CATEDRAL,-34.60780234,-58.37395581,"30,897"
2017,October,CONGRESO,-34.60922568,-58.39266882,"12,214"
2017,October,CONGRESO DE TUCUMAN,-34.55564177,-58.46237841,"30,494"
2017,October,CONSTITUCION,-34.62761945,-58.38143443,"68,461"
2017,October,CORDOBA,-34.59845511,-58.4037215,"5,094"
2017,October,CORRIENTES,-34.6044902,-58.40545033,"5,293"
2017,October,DIAGONAL NORTE,-34.60484374,-58.37952998,"5,701"
2017,October,DORREGO,-34.59171815,-58.44757309,"12,844"
2017,October,ECHEVERRIA,-34.57779738,-58.4810135,"6,281"
2017,October,EMILIO MITRE,-34.63104184,-58.44217071,"5,138"
2017,October,ENTRE RIOS,-34.62271967,-58.3915117,"2,251"
2017,October,FACULTAD DE MEDICINA,-34.59975708,-58.39792376,"16,454"
2017,October,FEDERICO LACROZE,-34.58719785,-58.45502929,"23,708"
2017,October,FLORES,-34.62908723,-58.46354051,"10,449"
2017,October,FLORIDA,-34.60329729,-58.37507152,"18,603"
2017,October,GENERAL BELGRANO,-34.61284911,-58.37758089,"2,830"
2017,October,GENERAL SAN MARTIN,-34.5950574,-58.37781905,"8,898"
2017,October,HOSPITALES,-34.64126894,-58.41238515,"8,122"
2017,October,HUMBERTO I,-34.62309232,-58.40232273,"4,706"
2017,October,INCLAN,-34.62937566,-58.40096956,"4,061"
2017,October,INDEPENDENCIA,-34.6181256,-58.38017361,"13,362"
2017,October,INDEPENDENCIA,-34.61793739,-58.38153494,"13,362"
2017,October,JOSE HERNANDEZ,-34.56621524,-58.4521256,"11,155"
2017,October,JOSE MARIA MORENO,-34.62801755,-58.43381625,"3,552"
2017,October,JUJUY,-34.62386571,-58.40293658,"2,702"
2017,October,JURAMENTO,-34.56230909,-58.45648913,"15,804"
2017,October,LAS HERAS,-34.58746155,-58.39721558,"11,177"
2017,October,LAVALLE,-34.60176992,-58.37815578,"9,179"
2017,October,LEANDRO N. ALEM,-34.6029895,-58.36992985,"24,610"
2017,October,LIMA,-34.60909981,-58.3822324,"7,469"
2017,October,LORIA,-34.61078169,-58.41518571,"6,855"
2017,October,LOS INCAS,-34.58124885,-58.47424083,"8,894"
2017,October,MALABIA,-34.59896736,-58.4397715,"17,073"
2017,October,MARIANO MORENO,-34.61261728,-58.38044447,"7,121"
2017,October,MEDALLA MILAGROSA,-34.63638919,-58.45027826,"1,732"
2017,October,MEDRANO,-34.6031649,-58.42096247,"15,646"
2017,October,MINISTRO CARRANZA,-34.57517836,-58.43501353,"10,582"
2017,October,OLLEROS,-34.57001231,-58.44466815,"12,121"
2017,October,ONCE,-34.60893524,-58.40603638,"9,751"
2017,October,PALERMO,-34.57842202,-58.42571144,"17,293"
2017,October,PASCO,-34.60964596,-58.39842699,"3,409"
2017,October,PASTEUR,-34.60464297,-58.39947426,"11,696"
2017,October,PATRICIOS,-34.63840599,-58.40579483,"7,301"
2017,October,PERU,-34.60855907,-58.37426773,"11,305"
2017,October,PICHINCHA,-34.62310987,-58.39706807,"2,215"
2017,October,PIEDRAS,-34.60888172,-58.37908515,"6,634"
2017,October,PLAZA DE MAYO,-34.60881031,-58.3709685,"18,808"
2017,October,PLAZA ITALIA,-34.58141119,-58.42119601,"11,533"
2017,October,PLAZA MISERERE,-34.60981725,-58.40670712,"11,932"
2017,October,PRIMERA JUNTA,-34.62040521,-58.44117763,"11,464"
2017,October,PUAN,-34.62352895,-58.44864765,"6,232"
2017,October,PUEYRREDON,-34.60458106,-58.40539944,"11,190"
2017,October,PUEYRREDON.D,-34.59442572,-58.40239534,"9,743"
2017,October,PZA. DE LOS VIRREYES,-34.64331216,-58.46165176,"7,948"
2017,October,RETIRO,-34.59211436,-58.37584984,"68,831"
2017,October,RETIRO,-34.59119381,-58.37401822,"68,831"
2017,October,RIO DE JANEIRO,-34.61520561,-58.42950032,"9,483"
2017,October,ROSAS,-34.57431891,-58.48638535,"23,990"
2017,October,SAENZ PEÑA,-34.60941259,-58.38677719,"8,344"
2017,October,SAN JOSE,-34.62233949,-58.38514855,"2,435"
2017,October,SAN JUAN,-34.62191673,-58.37992118,"5,939"
2017,October,SAN PEDRITO,-34.63070709,-58.46963963,"23,956"
2017,October,SANTA FE,-34.5945254,-58.40237618,"7,880"
2017,October,SCALABRINI ORTIZ,-34.58515594,-58.41595542,"11,699"
2017,October,TRIBUNALES,-34.60158717,-58.38514236,"14,434"
2017,October,TRONADOR,-34.58409462,-58.4662272,"5,063"
2017,October,URQUIZA,-34.62465379,-58.40939078,"2,896"
2017,October,URUGUAY,-34.60409355,-58.38729613,"15,602"
2017,October,VARELA,-34.64013735,-58.45789176,"2,115"
2017,October,VENEZUELA,-34.61524215,-58.40473172,"6,027"
2017,November,9 DE JULIO,-34.6042452,-58.38057434,"8,715"
2017,November,ACOYTE,-34.61827997,-58.43642853,"12,292"
2017,November,AGUERO,-34.59162784,-58.40716132,"10,003"
2017,November,ALBERTI,-34.60983358,-58.40120753,"4,264"
2017,November,ANGEL GALLARDO,-34.60216223,-58.43127386,"13,528"
2017,November,AVENIDA DE MAYO,-34.60898331,-58.38061072,"5,361"
2017,November,AVENIDA LA PLATA,-34.62701547,-58.42678902,"4,461"
2017,November,BOEDO,-34.62536611,-58.41553282,"4,111"
2017,November,BOLIVAR,-34.60924243,-58.37368422,"11,645"
2017,November,BULNES,-34.58823711,-58.4112939,"15,335"
2017,November,CALLAO,-34.59963955,-58.39312518,"14,036"
2017,November,CALLAO.B,-34.60441954,-58.39231424,"15,865"
2017,November,CARABOBO,-34.62666659,-58.4567098,"9,666"
2017,November,CARLOS GARDEL,-34.60407952,-58.4117626,"14,703"
2017,November,CARLOS PELLEGRINI,-34.60363711,-58.38071485,"19,949"
2017,November,CASEROS,-34.63575018,-58.39892759,"5,543"
2017,November,CASTRO BARROS,-34.61177023,-58.42181567,"8,285"
2017,November,CATEDRAL,-34.60780234,-58.37395581,"29,101"
2017,November,CONGRESO,-34.60922568,-58.39266882,"11,674"
2017,November,CONGRESO DE TUCUMAN,-34.55564177,-58.46237841,"29,259"
2017,November,CONSTITUCION,-34.62761945,-58.38143443,"72,003"
2017,November,CORDOBA,-34.59845511,-58.4037215,"5,007"
2017,November,CORRIENTES,-34.6044902,-58.40545033,"5,245"
2017,November,DIAGONAL NORTE,-34.60484374,-58.37952998,"5,435"
2017,November,DORREGO,-34.59171815,-58.44757309,"12,713"
2017,November,ECHEVERRIA,-34.57779738,-58.4810135,"6,080"
2017,November,EMILIO MITRE,-34.63104184,-58.44217071,"5,027"
2017,November,ENTRE RIOS,-34.62271967,-58.3915117,"2,082"
2017,November,FACULTAD DE MEDICINA,-34.59975708,-58.39792376,"15,751"
2017,November,FEDERICO LACROZE,-34.58719785,-58.45502929,"23,581"
2017,November,FLORES,-34.62908723,-58.46354051,"10,241"
2017,November,FLORIDA,-34.60329729,-58.37507152,"18,846"
2017,November,GENERAL BELGRANO,-34.61284911,-58.37758089,"2,586"
2017,November,GENERAL SAN MARTIN,-34.5950574,-58.37781905,"8,278"
2017,November,HOSPITALES,-34.64126894,-58.41238515,"8,080"
2017,November,HUMBERTO I,-34.62309232,-58.40232273,"4,712"
2017,November,INCLAN,-34.62937566,-58.40096956,"4,067"
2017,November,INDEPENDENCIA,-34.6181256,-58.38017361,"12,624"
2017,November,INDEPENDENCIA,-34.61793739,-58.38153494,"12,624"
2017,November,JOSE HERNANDEZ,-34.56621524,-58.4521256,"10,864"
2017,November,JOSE MARIA MORENO,-34.62801755,-58.43381625,"3,471"
2017,November,JUJUY,-34.62386571,-58.40293658,"2,675"
2017,November,JURAMENTO,-34.56230909,-58.45648913,"15,849"
2017,November,LAS HERAS,-34.58746155,-58.39721558,"11,422"
2017,November,LAVALLE,-34.60176992,-58.37815578,"8,685"
2017,November,LEANDRO N. ALEM,-34.6029895,-58.36992985,"20,096"
2017,November,LIMA,-34.60909981,-58.3822324,"6,998"
2017,November,LORIA,-34.61078169,-58.41518571,"6,600"
2017,November,LOS INCAS,-34.58124885,-58.47424083,"8,761"
2017,November,MALABIA,-34.59896736,-58.4397715,"17,133"
2017,November,MARIANO MORENO,-34.61261728,-58.38044447,"6,698"
2017,November,MEDALLA MILAGROSA,-34.63638919,-58.45027826,"1,656"
2017,November,MEDRANO,-34.6031649,-58.42096247,"15,552"
2017,November,MINISTRO CARRANZA,-34.57517836,-58.43501353,"10,399"
2017,November,OLLEROS,-34.57001231,-58.44466815,"11,900"
2017,November,ONCE,-34.60893524,-58.40603638,"10,052"
2017,November,PALERMO,-34.57842202,-58.42571144,"17,167"
2017,November,PASCO,-34.60964596,-58.39842699,"3,262"
2017,November,PASTEUR,-34.60464297,-58.39947426,"11,533"
2017,November,PATRICIOS,-34.63840599,-58.40579483,"7,424"
2017,November,PERU,-34.60855907,-58.37426773,"11,285"
2017,November,PICHINCHA,-34.62310987,-58.39706807,"2,144"
2017,November,PIEDRAS,-34.60888172,-58.37908515,"6,187"
2017,November,PLAZA DE MAYO,-34.60881031,-58.3709685,"16,571"
2017,November,PLAZA ITALIA,-34.58141119,-58.42119601,"11,423"
2017,November,PLAZA MISERERE,-34.60981725,-58.40670712,"11,510"
2017,November,PRIMERA JUNTA,-34.62040521,-58.44117763,"11,180"
2017,November,PUAN,-34.62352895,-58.44864765,"6,096"
2017,November,PUEYRREDON,-34.60458106,-58.40539944,"11,423"
2017,November,PUEYRREDON.D,-34.59442572,-58.40239534,"9,557"
2017,November,PZA. DE LOS VIRREYES,-34.64331216,-58.46165176,"7,803"
2017,November,RETIRO,-34.59211436,-58.37584984,"67,487"
2017,November,RETIRO,-34.59119381,-58.37401822,"67,487"
2017,November,RIO DE JANEIRO,-34.61520561,-58.42950032,"9,242"
2017,November,ROSAS,-34.57431891,-58.48638535,"22,876"
2017,November,SAENZ PEÑA,-34.60941259,-58.38677719,"7,863"
2017,November,SAN JOSE,-34.62233949,-58.38514855,"2,366"
2017,November,SAN JUAN,-34.62191673,-58.37992118,"6,082"
2017,November,SAN PEDRITO,-34.63070709,-58.46963963,"23,681"
2017,November,SANTA FE,-34.5945254,-58.40237618,"7,903"
2017,November,SCALABRINI ORTIZ,-34.58515594,-58.41595542,"11,619"
2017,November,TRIBUNALES,-34.60158717,-58.38514236,"13,133"
2017,November,TRONADOR,-34.58409462,-58.4662272,"5,006"
2017,November,URQUIZA,-34.62465379,-58.40939078,"2,814"
2017,November,URUGUAY,-34.60409355,-58.38729613,"14,693"
2017,November,VARELA,-34.64013735,-58.45789176,"2,067"
2017,November,VENEZUELA,-34.61524215,-58.40473172,"6,095"
2017,December,9 DE JULIO,-34.6042452,-58.38057434,"8,639"
2017,December,ACOYTE,-34.61827997,-58.43642853,"11,575"
2017,December,AGUERO,-34.59162784,-58.40716132,"9,639"
2017,December,ALBERTI,-34.60983358,-58.40120753,"4,006"
2017,December,ANGEL GALLARDO,-34.60216223,-58.43127386,"12,764"
2017,December,AVENIDA DE MAYO,-34.60898331,-58.38061072,"5,282"
2017,December,AVENIDA LA PLATA,-34.62701547,-58.42678902,"4,276"
2017,December,BOEDO,-34.62536611,-58.41553282,"3,916"
2017,December,BOLIVAR,-34.60924243,-58.37368422,"11,206"
2017,December,BULNES,-34.58823711,-58.4112939,"15,031"
2017,December,CALLAO,-34.59963955,-58.39312518,"13,897"
2017,December,CALLAO.B,-34.60441954,-58.39231424,"15,280"
2017,December,CARABOBO,-34.62666659,-58.4567098,"9,201"
2017,December,CARLOS GARDEL,-34.60407952,-58.4117626,"13,942"
2017,December,CARLOS PELLEGRINI,-34.60363711,-58.38071485,"18,645"
2017,December,CASEROS,-34.63575018,-58.39892759,"5,331"
2017,December,CASTRO BARROS,-34.61177023,-58.42181567,"7,902"
2017,December,CATEDRAL,-34.60780234,-58.37395581,"28,485"
2017,December,CONGRESO,-34.60922568,-58.39266882,"11,620"
2017,December,CONGRESO DE TUCUMAN,-34.55564177,-58.46237841,"27,081"
2017,December,CONSTITUCION,-34.62761945,-58.38143443,"62,674"
2017,December,CORDOBA,-34.59845511,-58.4037215,"4,809"
2017,December,CORRIENTES,-34.6044902,-58.40545033,"4,893"
2017,December,DIAGONAL NORTE,-34.60484374,-58.37952998,"5,316"
2017,December,DORREGO,-34.59171815,-58.44757309,"11,906"
2017,December,ECHEVERRIA,-34.57779738,-58.4810135,"5,813"
2017,December,EMILIO MITRE,-34.63104184,-58.44217071,"4,834"
2017,December,ENTRE RIOS,-34.62271967,-58.3915117,"2,122"
2017,December,FACULTAD DE MEDICINA,-34.59975708,-58.39792376,"15,325"
2017,December,FEDERICO LACROZE,-34.58719785,-58.45502929,"22,055"
2017,December,FLORES,-34.62908723,-58.46354051,"9,442"
2017,December,FLORIDA,-34.60329729,-58.37507152,"17,764"
2017,December,GENERAL BELGRANO,-34.61284911,-58.37758089,"2,517"
2017,December,GENERAL SAN MARTIN,-34.5950574,-58.37781905,"8,459"
2017,December,HOSPITALES,-34.64126894,-58.41238515,"7,887"
2017,December,HUMBERTO I,-34.62309232,-58.40232273,"4,458"
2017,December,INCLAN,-34.62937566,-58.40096956,"3,898"
2017,December,INDEPENDENCIA,-34.6181256,-58.38017361,"12,104"
2017,December,INDEPENDENCIA,-34.61793739,-58.38153494,"12,104"
2017,December,JOSE HERNANDEZ,-34.56621524,-58.4521256,"10,362"
2017,December,JOSE MARIA MORENO,-34.62801755,-58.43381625,"3,361"
2017,December,JUJUY,-34.62386571,-58.40293658,"2,549"
2017,December,JURAMENTO,-34.56230909,-58.45648913,"14,843"
2017,December,LAS HERAS,-34.58746155,-58.39721558,"10,885"
2017,December,LAVALLE,-34.60176992,-58.37815578,"8,908"
2017,December,LEANDRO N. ALEM,-34.6029895,-58.36992985,"20,017"
2017,December,LIMA,-34.60909981,-58.3822324,"6,757"
2017,December,LORIA,-34.61078169,-58.41518571,"6,434"
2017,December,LOS INCAS,-34.58124885,-58.47424083,"8,262"
2017,December,MALABIA,-34.59896736,-58.4397715,"15,804"
2017,December,MARIANO MORENO,-34.61261728,-58.38044447,"6,745"
2017,December,MEDALLA MILAGROSA,-34.63638919,-58.45027826,"1,614"
2017,December,MEDRANO,-34.6031649,-58.42096247,"14,757"
2017,December,MINISTRO CARRANZA,-34.57517836,-58.43501353,"10,019"
2017,December,OLLEROS,-34.57001231,-58.44466815,"11,330"
2017,December,ONCE,-34.60893524,-58.40603638,"9,255"
2017,December,PALERMO,-34.57842202,-58.42571144,"16,499"
2017,December,PASCO,-34.60964596,-58.39842699,"3,121"
2017,December,PASTEUR,-34.60464297,-58.39947426,"10,639"
2017,December,PATRICIOS,-34.63840599,-58.40579483,"7,051"
2017,December,PERU,-34.60855907,-58.37426773,"10,677"
2017,December,PICHINCHA,-34.62310987,-58.39706807,"2,073"
2017,December,PIEDRAS,-34.60888172,-58.37908515,"6,124"
2017,December,PLAZA DE MAYO,-34.60881031,-58.3709685,"16,475"
2017,December,PLAZA ITALIA,-34.58141119,-58.42119601,"10,666"
2017,December,PLAZA MISERERE,-34.60981725,-58.40670712,"10,735"
2017,December,PRIMERA JUNTA,-34.62040521,-58.44117763,"10,639"
2017,December,PUAN,-34.62352895,-58.44864765,"5,740"
2017,December,PUEYRREDON,-34.60458106,-58.40539944,"10,310"
2017,December,PUEYRREDON.D,-34.59442572,-58.40239534,"9,254"
2017,December,PZA. DE LOS VIRREYES,-34.64331216,-58.46165176,"7,044"
2017,December,RETIRO,-34.59211436,-58.37584984,"66,295"
2017,December,RETIRO,-34.59119381,-58.37401822,"66,295"
2017,December,RIO DE JANEIRO,-34.61520561,-58.42950032,"8,822"
2017,December,ROSAS,-34.57431891,-58.48638535,"21,077"
2017,December,SAENZ PEÑA,-34.60941259,-58.38677719,"7,813"
2017,December,SAN JOSE,-34.62233949,-58.38514855,"2,271"
2017,December,SAN JUAN,-34.62191673,-58.37992118,"5,972"
2017,December,SAN PEDRITO,-34.63070709,-58.46963963,"21,309"
2017,December,SANTA FE,-34.5945254,-58.40237618,"7,592"
2017,December,SCALABRINI ORTIZ,-34.58515594,-58.41595542,"11,060"
2017,December,TRIBUNALES,-34.60158717,-58.38514236,"13,087"
2017,December,TRONADOR,-34.58409462,-58.4662272,"4,718"
2017,December,URQUIZA,-34.62465379,-58.40939078,"2,770"
2017,December,URUGUAY,-34.60409355,-58.38729613,"13,991"
2017,December,VARELA,-34.64013735,-58.45789176,"1,963"
2017,December,VENEZUELA,-34.61524215,-58.40473172,"5,873"
